{
	"name": "trunk8",
	"version": "1.3.3-4",
	"title": "trunk8 Intelligent Text Truncation",
	"author": {
		"name": "Rick Viscomi",
		"email": "rviscomi@gmail.com",
		"url": "http://jrvis.com/"
	},
	"licenses": [{
		"type": "MIT",
		"url": "https://raw.github.com/rviscomi/trunk8/master/LICENSE"
	}],
	"dependencies": {
		"jquery": ">=1"
	},
	"description": "trunk8 is an intelligent text truncation plugin to jQuery. When applied to a large block of text, trunk8 will cut off just enough text to prevent it from spilling over. Unlike conventional truncation that just limits the character length of text, trunk8 measures the content area for spill-over and intelligently chooses the text that best fits in the given space.",
	"keywords": [
		"trunk8",
		"text",
		"truncate"
	],
	"homepage": "http://jrvis.com/trunk8/",
	"demo": "http://jrvis.com/trunk8/"
}